test_path, alpha, beta, total_weighted_sum, total_computation_time, total_pred_time, total_opti_time, self.precision*100 
./sample_data/artificial/testlog_0806_1_90.csv, 0.3, 0.3, 4797, 45.10579323768616, 41.87633180618286, 3.229461431503296, 0.0% 
./sample_data/artificial/testlog_0806_1_90.csv, 0.3, 0.3, 4911, 44.498329162597656, 41.251537799835205, 3.246791362762451, 0.0% 
./sample_data/artificial/testlog_0806_1_40.csv, 0.3, 0.3, 2228, 21.82171893119812, 18.78688955307007, 3.0348293781280518, 0.0% 
./sample_data/artificial/testlog_0806_1_60.csv, 0.3, 0.3, 3481, 30.533496141433716, 27.476016521453857, 3.0574796199798584, 0.0% 
./sample_data/artificial/testlog_0806_1_80.csv, 0.3, 0.3, 4760, 40.75122380256653, 37.50806188583374, 3.243161916732788, 0.0% 
./sample_data/artificial/testlog_0806_1_100.csv, 0.3, 0.3, 5452, 49.86268973350525, 46.58285665512085, 3.2798330783843994, 0.0% 
./sample_data/artificial/testlog_0806_1_120.csv, 0.3, 0.3, 6557, 60.293920040130615, 56.94957876205444, 3.344341278076172, 0.0% 
./sample_data/artificial/testlog_0806_1_140.csv, 0.3, 0.3, 8064, 68.94885754585266, 65.5293173789978, 3.4195401668548584, 0.0% 
